{"accuracy": [0.7205272912979126, 0.8108000159263611, 0.8343454599380493, 0.8468363881111145, 0.8546909093856812, 0.8620908856391907, 0.8653272986412048, 0.8696908950805664, 0.8731454610824585, 0.8746908903121948, 0.8792363405227661, 0.8800181746482849, 0.8808909058570862, 0.8935272693634033, 0.8953999876976013, 0.8965272903442383, 0.9037091135978699, 0.9040727019309998, 0.906145453453064, 0.9064000248908997, 0.908018171787262, 0.907836377620697, 0.9092000126838684, 0.9089636206626892, 0.9132000207901001, 0.9141636490821838, 0.9136000275611877, 0.9157817959785461, 0.9147090911865234, 0.9169818162918091, 0.9154545664787292, 0.9179272651672363, 0.9165636301040649, 0.916309118270874, 0.9172545671463013, 0.9188545346260071, 0.9200000166893005, 0.9211090803146362, 0.9206908941268921, 0.9206908941268921, 0.921890914440155, 0.9203090667724609, 0.9203818440437317, 0.9211636185646057, 0.9219818115234375, 0.9226363897323608, 0.9230181574821472, 0.9224363565444946, 0.9234908819198608, 0.9232545495033264], "loss": [0.8363690972328186, 0.6023569107055664, 0.5431565046310425, 0.5069010853767395, 0.4864816665649414, 0.4694460332393646, 0.46212878823280334, 0.4508780837059021, 0.4438977837562561, 0.43809396028518677, 0.43010908365249634, 0.42945149540901184, 0.42388203740119934, 0.38848060369491577, 0.3786241114139557, 0.3715137839317322, 0.35012251138687134, 0.3426913321018219, 0.33917081356048584, 0.3335804343223572, 0.32982316613197327, 0.32608070969581604, 0.3204391598701477, 0.32153600454330444, 0.30986860394477844, 0.3041491210460663, 0.3039623498916626, 0.2999177575111389, 0.299255907535553, 0.2940501868724823, 0.29639932513237, 0.2918364107608795, 0.2906530797481537, 0.2917381823062897, 0.28903284668922424, 0.2826818525791168, 0.28074881434440613, 0.278360515832901, 0.27869999408721924, 0.277353435754776, 0.2758174240589142, 0.2766554057598114, 0.27535852789878845, 0.2732233703136444, 0.2731311321258545, 0.27039700746536255, 0.26785990595817566, 0.2686377465724945, 0.2674926817417145, 0.2647652328014374], "val_accuracy": [0.8447999954223633, 0.8697999715805054, 0.8808000087738037, 0.8838000297546387, 0.8867999911308289, 0.88919997215271, 0.892799973487854, 0.8980000019073486, 0.8998000025749207, 0.9003999829292297, 0.9114000201225281, 0.9038000106811523, 0.9025999903678894, 0.9164000153541565, 0.9164000153541565, 0.9136000275611877, 0.9233999848365784, 0.9187999963760376, 0.9222000241279602, 0.9246000051498413, 0.9261999726295471, 0.925599992275238, 0.9259999990463257, 0.9241999983787537, 0.9296000003814697, 0.9279999732971191, 0.9291999936103821, 0.9312000274658203, 0.9309999942779541, 0.9308000206947327, 0.9327999949455261, 0.9330000281333923, 0.9341999888420105, 0.9340000152587891, 0.9340000152587891, 0.9355999827384949, 0.9355999827384949, 0.9350000023841858, 0.9345999956130981, 0.9366000294685364, 0.9348000288009644, 0.9362000226974487, 0.9355999827384949, 0.9363999962806702, 0.9345999956130981, 0.9363999962806702, 0.9355999827384949, 0.9368000030517578, 0.9358000159263611, 0.9348000288009644], "val_loss": [0.5145865678787231, 0.4551292061805725, 0.4127373993396759, 0.4013676345348358, 0.39827629923820496, 0.40230220556259155, 0.3872094452381134, 0.3676154315471649, 0.3648413419723511, 0.36751243472099304, 0.3432168960571289, 0.356640100479126, 0.35996782779693604, 0.31759196519851685, 0.3228072226047516, 0.3192155063152313, 0.28417930006980896, 0.2862750291824341, 0.2838536202907562, 0.27791842818260193, 0.27498626708984375, 0.2721754014492035, 0.27229005098342896, 0.28027042746543884, 0.262118935585022, 0.2619214951992035, 0.2591237425804138, 0.2557314336299896, 0.25326693058013916, 0.25032225251197815, 0.25433802604675293, 0.24896830320358276, 0.24688147008419037, 0.24754533171653748, 0.24687856435775757, 0.24389414489269257, 0.24402417242527008, 0.24325454235076904, 0.23975935578346252, 0.24013791978359222, 0.23789958655834198, 0.2383190393447876, 0.23710446059703827, 0.23725010454654694, 0.23904912173748016, 0.2361811250448227, 0.23428598046302795, 0.2348819375038147, 0.23525863885879517, 0.2350185364484787], "learning_rate": [0.0010000000474974513, 0.0010000000474974513, 0.0010000000474974513, 0.0010000000474974513, 0.0010000000474974513, 0.0010000000474974513, 0.0010000000474974513, 0.0010000000474974513, 0.0010000000474974513, 0.0010000000474974513, 0.0010000000474974513, 0.0010000000474974513, 0.0010000000474974513, 0.0005000000237487257, 0.0005000000237487257, 0.0005000000237487257, 0.0002500000118743628, 0.0002500000118743628, 0.0002500000118743628, 0.0002500000118743628, 0.0002500000118743628, 0.0002500000118743628, 0.0002500000118743628, 0.0002500000118743628, 0.0001250000059371814, 0.0001250000059371814, 0.0001250000059371814, 0.0001250000059371814, 0.0001250000059371814, 0.0001250000059371814, 0.0001250000059371814, 0.0001250000059371814, 0.0001250000059371814, 0.0001250000059371814, 0.0001250000059371814, 6.25000029685907e-05, 6.25000029685907e-05, 6.25000029685907e-05, 6.25000029685907e-05, 6.25000029685907e-05, 6.25000029685907e-05, 6.25000029685907e-05, 6.25000029685907e-05, 6.25000029685907e-05, 6.25000029685907e-05, 3.125000148429535e-05, 3.125000148429535e-05, 3.125000148429535e-05, 3.125000148429535e-05, 1.5625000742147677e-05]}