{"accuracy": [0.9088909029960632, 0.9217636585235596, 0.9292545318603516, 0.9374545216560364, 0.9418908953666687, 0.953145444393158, 0.9576363563537598, 0.9635818004608154, 0.967018187046051, 0.9699817895889282, 0.9705272912979126, 0.9732363820075989, 0.9745091199874878, 0.9748727083206177, 0.975709080696106, 0.9759636521339417], "loss": [0.24906574189662933, 0.21404887735843658, 0.18829824030399323, 0.16653650999069214, 0.1523716151714325, 0.12018753588199615, 0.1080702468752861, 0.09215116500854492, 0.0850764736533165, 0.07626014202833176, 0.07406014949083328, 0.06813392788171768, 0.06693804264068604, 0.064898781478405, 0.06382116675376892, 0.06282392144203186], "val_accuracy": [0.9064000248908997, 0.9139999747276306, 0.9156000018119812, 0.9169999957084656, 0.9174000024795532, 0.9246000051498413, 0.9246000051498413, 0.9272000193595886, 0.9290000200271606, 0.9296000003814697, 0.930400013923645, 0.9282000064849854, 0.9291999936103821, 0.9294000267982483, 0.9282000064849854, 0.9291999936103821], "val_loss": [0.28914675116539, 0.2749483287334442, 0.2721717655658722, 0.2913329005241394, 0.27641353011131287, 0.27453795075416565, 0.27469995617866516, 0.28278210759162903, 0.2959928810596466, 0.29003483057022095, 0.29727646708488464, 0.29966282844543457, 0.2949613332748413, 0.30017995834350586, 0.30163824558258057, 0.3031274974346161], "learning_rate": [9.999999747378752e-06, 9.999999747378752e-06, 9.999999747378752e-06, 9.999999747378752e-06, 9.999999747378752e-06, 4.999999873689376e-06, 4.999999873689376e-06, 2.499999936844688e-06, 2.499999936844688e-06, 1.249999968422344e-06, 1.249999968422344e-06, 6.24999984211172e-07, 6.24999984211172e-07, 3.12499992105586e-07, 3.12499992105586e-07, 1.56249996052793e-07]}